{"cameraMode":{"drawMode":0,"name":"Shaded","section":"Shading Mode"},"sceneLighting":true,"audioPlay":false,"sceneViewState":{"m_AlwaysRefresh":false,"showFog":true,"showSkybox":true,"showFlares":true,"showImageEffects":true,"showParticleSystems":true,"showVisualEffectGraphs":true,"m_FxEnabled":true},"in2DMode":false,"pivot":{"x":-0.019917845726013185,"y":-1.497227668762207,"z":13.944664001464844},"rotation":{"x":-0.23475731909275056,"y":0.05158494412899017,"z":-0.012476732954382897,"w":-0.9706041216850281},"size":11.276924133300782,"orthographic":false}