{"cameraMode":{"drawMode":0,"name":"Shaded","section":"Shading Mode"},"sceneLighting":true,"audioPlay":false,"sceneViewState":{"m_AlwaysRefresh":false,"showFog":true,"showSkybox":true,"showFlares":true,"showImageEffects":true,"showParticleSystems":true,"showVisualEffectGraphs":true,"m_FxEnabled":true},"in2DMode":false,"pivot":{"x":16.064964294433595,"y":-5.9701385498046879,"z":142.57196044921876},"rotation":{"x":-0.21783095598220826,"y":-0.18692974746227265,"z":0.04255874454975128,"w":-0.9569937586784363},"size":34.04120635986328,"orthographic":false}