{"cameraMode":{"drawMode":0,"name":"Shaded","section":"Shading Mode"},"sceneLighting":true,"audioPlay":false,"sceneViewState":{"m_AlwaysRefresh":false,"showFog":true,"showSkybox":true,"showFlares":true,"showImageEffects":true,"showParticleSystems":true,"showVisualEffectGraphs":true,"m_FxEnabled":true},"in2DMode":false,"pivot":{"x":16.300195693969728,"y":10.111059188842774,"z":65.2364730834961},"rotation":{"x":-0.05962679535150528,"y":-0.14561712741851808,"z":0.008799429051578045,"w":-0.9875164031982422},"size":51.08473587036133,"orthographic":false}