{"cameraMode":{"drawMode":0,"name":"Shaded","section":"Shading Mode"},"sceneLighting":true,"audioPlay":false,"sceneViewState":{"m_AlwaysRefresh":false,"showFog":true,"showSkybox":true,"showFlares":true,"showImageEffects":true,"showParticleSystems":true,"showVisualEffectGraphs":true,"m_FxEnabled":true},"in2DMode":false,"pivot":{"x":19.734146118164064,"y":1.6182823181152344,"z":25.08938980102539},"rotation":{"x":-0.1175813302397728,"y":-0.19908511638641358,"z":0.024067671969532968,"w":-0.9726122617721558},"size":24.871572494506837,"orthographic":false}