{"cameraMode":{"drawMode":0,"name":"Shaded","section":"Shading Mode"},"sceneLighting":false,"audioPlay":false,"sceneViewState":{"m_AlwaysRefresh":false,"showFog":false,"showSkybox":false,"showFlares":false,"showImageEffects":false,"showParticleSystems":false,"showVisualEffectGraphs":true,"m_FxEnabled":true},"in2DMode":false,"pivot":{"x":0.5623685121536255,"y":3.734956741333008,"z":0.5201911926269531},"rotation":{"x":-0.19084204733371736,"y":0.05356498807668686,"z":-0.010428119450807572,"w":-0.9801113605499268},"size":10.703667640686036,"orthographic":false}